,cpp_debug,python,cpp_release,index
0,0.01833370000000001,0.1817766999999999,0.016525200000000018,5000
1,0.1567700999999999,9.3382495,0.03656459999999995,500000
2,1.2745540999999996,93.2219058,0.23221939999999996,5000000
3,12.693210399999998,936.8433257,2.0957208000000094,50000000
