,cpp_debug,python,cpp_release,index
0,0.01937037499999983,0.303775208,0.01496779199999998,5000
1,0.22578220799999982,9.403564166999999,0.049994249999999685,500000
2,2.332200125,103.988312667,0.44514458299999937,5000000
3,20.665345665999993,906.555429958,3.3892579169999806,50000000
